{"0": [0.7853981633974483, 1.4686899044122925], "1": [2.356194490192345, 1.4686899044122925], "2": [3.9269908169872414, 1.4686899044122925], "3": [5.497787143782138, 1.4686899044122925], "4": [0.39269908169872414, 1.3663161278263616], "5": [1.1780972450961724, 1.3663161278263616], "6": [1.9634954084936207, 1.3663161278263616], "7": [2.748893571891069, 1.3663161278263616], "8": [3.5342917352885173, 1.3663161278263616], "9": [4.319689898685965, 1.3663161278263616], "10": [5.105088062083414, 1.3663161278263616], "11": [5.8904862254808625, 1.3663161278263616], "12": [0.2617993877991494, 1.2634012757103934], "13": [0.7853981633974483, 1.2634012757103934], "14": [1.3089969389957472, 1.2634012757103934], "15": [1.8325957145940461, 1.2634012757103934], "16": [2.356194490192345, 1.2634012757103934], "17": [2.8797932657906435, 1.2634012757103934], "18": [3.4033920413889427, 1.2634012757103934], "19": [3.926990816987241, 1.2634012757103934], "20": [4.4505895925855405, 1.2634012757103934], "21": [4.974188368183839, 1.2634012757103934], "22": [5.497787143782138, 1.2634012757103934], "23": [6.021385919380436, 1.2634012757103934], "24": [0.19634954084936207, 1.159658464472549], "25": [0.5890486225480862, 1.159658464472549], "26": [0.9817477042468103, 1.159658464472549], "27": [1.3744467859455345, 1.159658464472549], "28": [1.7671458676442586, 1.159658464472549], "29": [2.1598449493429825, 1.159658464472549], "30": [2.552544031041707, 1.159658464472549], "31": [2.9452431127404313, 1.159658464472549], "32": [3.3379421944391554, 1.159658464472549], "33": [3.7306412761378795, 1.159658464472549], "34": [4.123340357836604, 1.159658464472549], "35": [4.516039439535327, 1.159658464472549], "36": [4.908738521234052, 1.159658464472549], "37": [5.301437602932776, 1.159658464472549], "38": [5.6941366846315, 1.159658464472549], "39": [6.086835766330224, 1.159658464472549], "40": [0.15707963267948966, 1.0547799394395763], "41": [0.47123889803846897, 1.0547799394395763], "42": [0.7853981633974483, 1.0547799394395763], "43": [1.0995574287564276, 1.0547799394395763], "44": [1.413716694115407, 1.0547799394395763], "45": [1.727875959474386, 1.0547799394395763], "46": [2.0420352248333655, 1.0547799394395763], "47": [2.356194490192345, 1.0547799394395763], "48": [2.670353755551324, 1.0547799394395763], "49": [2.9845130209103035, 1.0547799394395763], "50": [3.2986722862692828, 1.0547799394395763], "51": [3.612831551628262, 1.0547799394395763], "52": [3.9269908169872414, 1.0547799394395763], "53": [4.241150082346221, 1.0547799394395763], "54": [4.5553093477052, 1.0547799394395763], "55": [4.869468613064179, 1.0547799394395763], "56": [5.183627878423159, 1.0547799394395763], "57": [5.497787143782138, 1.0547799394395763], "58": [5.811946409141117, 1.0547799394395763], "59": [6.126105674500097, 1.0547799394395763], "60": [0.1308996938995747, 0.948427838239876], "61": [0.39269908169872414, 0.948427838239876], "62": [0.6544984694978736, 0.948427838239876], "63": [0.9162978572970231, 0.948427838239876], "64": [1.1780972450961724, 0.948427838239876], "65": [1.4398966328953218, 0.948427838239876], "66": [1.7016960206944713, 0.948427838239876], "67": [1.9634954084936205, 0.948427838239876], "68": [2.2252947962927703, 0.948427838239876], "69": [2.4870941840919194, 0.948427838239876], "70": [2.748893571891069, 0.948427838239876], "71": [3.010692959690218, 0.948427838239876], "72": [3.2724923474893686, 0.948427838239876], "73": [3.5342917352885173, 0.948427838239876], "74": [3.796091123087667, 0.948427838239876], "75": [4.057890510886816, 0.948427838239876], "76": [4.319689898685966, 0.948427838239876], "77": [4.581489286485115, 0.948427838239876], "78": [4.843288674284264, 0.948427838239876], "79": [5.105088062083414, 0.948427838239876], "80": [5.3668874498825625, 0.948427838239876], "81": [5.6286868376817125, 0.948427838239876], "82": [5.8904862254808625, 0.948427838239876], "83": [6.152285613280012, 0.948427838239876], "84": [0.1121997376282069, 0.8402225818983442], "85": [0.3365992128846207, 0.8402225818983442], "86": [0.5609986881410346, 0.8402225818983442], "87": [0.7853981633974483, 0.8402225818983442], "88": [1.009797638653862, 0.8402225818983442], "89": [1.2341971139102759, 0.8402225818983442], "90": [1.4585965891666899, 0.8402225818983442], "91": [1.6829960644231032, 0.8402225818983442], "92": [1.9073955396795175, 0.8402225818983442], "93": [2.131795014935931, 0.8402225818983442], "94": [2.356194490192345, 0.8402225818983442], "95": [2.5805939654487586, 0.8402225818983442], "96": [2.8049934407051724, 0.8402225818983442], "97": [3.0293929159615867, 0.8402225818983442], "98": [3.253792391218, 0.8402225818983442], "99": [3.478191866474414, 0.8402225818983442], "100": [3.7025913417308276, 0.8402225818983442], "101": [3.9269908169872414, 0.8402225818983442], "102": [4.151390292243655, 0.8402225818983442], "103": [4.375789767500069, 0.8402225818983442], "104": [4.600189242756483, 0.8402225818983442], "105": [4.824588718012897, 0.8402225818983442], "106": [5.04898819326931, 0.8402225818983442], "107": [5.273387668525725, 0.8402225818983442], "108": [5.497787143782138, 0.8402225818983442], "109": [5.722186619038552, 0.8402225818983442], "110": [5.9465860942949655, 0.8402225818983442], "111": [6.170985569551379, 0.8402225818983442], "112": [0.09817477042468103, 0.7297276562269662], "113": [0.2945243112740431, 0.7297276562269662], "114": [0.4908738521234051, 0.7297276562269662], "115": [0.6872233929727672, 0.7297276562269662], "116": [0.8835729338221292, 0.7297276562269662], "117": [1.0799224746714913, 0.7297276562269662], "118": [1.2762720155208536, 0.7297276562269662], "119": [1.4726215563702154, 0.7297276562269662], "120": [1.6689710972195777, 0.7297276562269662], "121": [1.8653206380689398, 0.7297276562269662], "122": [2.061670178918302, 0.7297276562269662], "123": [2.2580197197676637, 0.7297276562269662], "124": [2.4543692606170255, 0.7297276562269662], "125": [2.650718801466388, 0.7297276562269662], "126": [2.8470683423157497, 0.7297276562269662], "127": [3.0434178831651115, 0.7297276562269662], "128": [3.2397674240144743, 0.7297276562269662], "129": [3.436116964863836, 0.7297276562269662], "130": [3.6324665057131984, 0.7297276562269662], "131": [3.8288160465625602, 0.7297276562269662], "132": [4.025165587411921, 0.7297276562269662], "133": [4.221515128261284, 0.7297276562269662], "134": [4.417864669110647, 0.7297276562269662], "135": [4.614214209960009, 0.7297276562269662], "136": [4.81056375080937, 0.7297276562269662], "137": [5.006913291658732, 0.7297276562269662], "138": [5.203262832508095, 0.7297276562269662], "139": [5.399612373357457, 0.7297276562269662], "140": [5.5959619142068195, 0.7297276562269662], "141": [5.792311455056181, 0.7297276562269662], "142": [5.988660995905542, 0.7297276562269662], "143": [6.1850105367549055, 0.7297276562269662], "144": [0.0, 0.6228265854120028], "145": [0.19634954084936207, 0.6228265854120028], "146": [0.39269908169872414, 0.6228265854120028], "147": [0.5890486225480862, 0.6228265854120028], "148": [0.7853981633974483, 0.6228265854120028], "149": [0.9817477042468102, 0.6228265854120028], "150": [1.1780972450961724, 0.6228265854120028], "151": [1.3744467859455345, 0.6228265854120028], "152": [1.5707963267948966, 0.6228265854120028], "153": [1.7671458676442584, 0.6228265854120028], "154": [1.9634954084936205, 0.6228265854120028], "155": [2.1598449493429825, 0.6228265854120028], "156": [2.356194490192345, 0.6228265854120028], "157": [2.552544031041707, 0.6228265854120028], "158": [2.748893571891069, 0.6228265854120028], "159": [2.945243112740431, 0.6228265854120028], "160": [3.141592653589793, 0.6228265854120028], "161": [3.3379421944391554, 0.6228265854120028], "162": [3.534291735288517, 0.6228265854120028], "163": [3.7306412761378795, 0.6228265854120028], "164": [3.926990816987241, 0.6228265854120028], "165": [4.123340357836604, 0.6228265854120028], "166": [4.319689898685965, 0.6228265854120028], "167": [4.516039439535327, 0.6228265854120028],