{
    "44": [
        1.190717,
        -43.549165
    ],
    "23": [
        344.864279,
        -44.564943
    ],
    "53": [
        345.01515,
        -46.593221
    ],
    "11": [
        344.728829,
        -42.534749
    ],
    "16": [
        347.016029,
        -43.54986
    ],
    "20": [
        346.815283,
        -41.520499
    ],
    "54": [
        351.113492,
        -41.520277
    ],
    "57": [
        351.458983,
        -43.549971
    ],
    "33": [
        347.239033,
        -45.579054
    ],
    "19": [
        347.765279,
        -49.636082
    ],
    "9": [
        352.746283,
        -49.636304
    ],
    "46": [
        350.061704,
        -48.621554
    ],
    "31": [
        349.704992,
        -46.592887
    ],
    "36": [
        349.385025,
        -44.563693
    ],
    "30": [
        353.905696,
        -44.563638
    ],
    "42": [
        351.842158,
        -45.57911
    ],
    "3": [
        352.269196,
        -47.607582
    ],
    "21": [
        355.524825,
        -47.607443
    ],
    "49": [
        354.940367,
        -48.62236
    ],
    "4": [
        353.281246,
        -51.665554
    ],
    "29": [
        359.20215,
        -51.665304
    ],
    "10": [
        356.219908,
        -52.680665
    ],
    "39": [
        355.550867,
        -50.650804
    ],
    "22": [
        356.957492,
        -50.650637
    ],
    "58": [
        2.047333,
        -50.650693
    ],
    "24": [
        1.546967,
        -52.680137
    ],
    "0": [
        358.544908,
        -53.694943
    ],
    "48": [
        4.001879,
        -53.694248
    ],
    "25": [
        3.543254,
        -55.722971
    ],
    "51": [
        0.982171,
        -54.708471
    ],
    "18": [
        6.577292,
        -54.708748
    ],
    "28": [
        6.240283,
        -56.738054
    ],
    "38": [
        8.861833,
        -59.781332
    ],
    "26": [
        0.306254,
        -47.607415
    ],
    "12": [
        0.772408,
        -45.578165
    ],
    "35": [
        5.375371,
        -45.578304
    ],
    "41": [
        2.890408,
        -46.593221
    ],
    "32": [
        2.492533,
        -48.621999
    ],
    "52": [
        7.371208,
        -48.622137
    ],
    "13": [
        4.766792,
        -49.637026
    ],
    "45": [
        4.406908,
        -51.665054
    ],
    "56": [
        9.611879,
        -51.665748
    ],
    "2": [
        6.873842,
        -52.680526
    ],
    "27": [
        12.200954,
        -52.679554
    ],
    "37": [
        7.137,
        -50.650582
    ],
    "5": [
        12.226875,
        -50.651304
    ],
    "34": [
        9.747871,
        -49.636082
    ],
    "50": [
        7.580417,
        -46.592665
    ],
    "43": [
        7.768171,
        -44.563888
    ],
    "6": [
        9.978254,
        -45.578915
    ],
    "55": [
        9.869625,
        -47.607915
    ],
    "8": [
        14.651083,
        -47.608165
    ],
    "14": [
        14.729129,
        -49.636304
    ],
    "15": [
        14.816746,
        -51.665054
    ],
    "17": [
        12.171958,
        -54.709137
    ],
    "47": [
        15.026954,
        -55.723276
    ],
    "1": [
        15.154379,
        -57.752082
    ],
    "7": [
        21.220783,
        -57.752748
    ],
    "40": [
        37.800796,
        -58.767109
    ]
}