{
  "0": [
    0.18470521022553898,
    -0.4767832156601093
  ],
  "1": [
    0.19878790544073832,
    -0.5558698960143815
  ],
  "2": [
    0.23085106987644582,
    -0.36110328153011567
  ],
  "3": [
    0.22066255328829623,
    -0.37556333438288875
  ],
  "4": [
    0.21639497019442855,
    -0.4236633955640223
  ],
  "5": [
    0.21627982209702823,
    -0.4590753930487014
  ],
  "6": [
    0.22050999405837943,
    -0.48179812255974214
  ],
  "7": [
    0.21615466453636772,
    -0.49448715491393147
  ],
  "8": [
    0.22044671714634836,
    -0.5172096400788769
  ],
  "9": [
    0.21600856302468327,
    -0.529900374129087
  ],
  "10": [
    0.23777768826566564,
    -0.9849455139556069
  ],
  "11": [
    0.23958999452770524,
    -1.0557675716094952
  ],
  "12": [
    0.25064462203051074,
    -0.39327018833656174
  ],
  "13": [
    0.2469021997819219,
    -0.4059579989602746
  ],
  "14": [
    0.26209180026202855,
    -0.44963268182986776
  ],
  "15": [
    0.2627795298004844,
    -0.48504830959939105
  ],
  "16": [
    0.25199056758977123,
    -0.49951806648280517
  ],
  "17": [
    0.2482141114207685,
    -0.5121930314832234
  ],
  "18": [
    0.2525468912888444,
    -0.5349177070363802
  ],
  "19": [
    0.248752318602206,
    -0.5476072106294675
  ],
  "20": [
    0.2904488976574663,
    -0.3611027928379251
  ],
  "21": [
    0.2777887854089825,
    -0.42366460856785243
  ],
  "22": [
    0.300070025159085,
    -1.0734734481787873
  ],
  "23": [
    0.34223805255189405,
    -0.07780532943062805
  ],
  "24": [
    0.3327192362510272,
    -0.09226585352229912
  ],
  "25": [
    0.35387786277295447,
    -1.0693433184901604
  ],
  "26": [
    0.333626161690241,
    -1.0838004740963751
  ],
  "27": [
    0.3412612441294303,
    -1.1192156131737077
  ],
  "28": [
    0.36479489724417896,
    -1.0911817507557395
  ],
  "29": [
    0.3700207097306228,
    -0.06009653816148531
  ],
  "30": [
    0.37042609735598353,
    -0.09551338766148496
  ],
  "31": [
    0.34216031558701016,
    -1.1319041568357067
  ],
  "32": [
    0.38864330303623223,
    -0.09226538228340107
  ],
  "33": [
    0.39723636179525623,
    -1.1015092479122255
  ],
  "34": [
    0.4121900461203708,
    -0.01642742289220607
  ],
  "35": [
    0.42587641196902726,
    -0.06009943540804362
  ],
  "36": [
    0.4342867173020749,
    -1.1088852100440174
  ],
  "37": [
    0.44001357891018134,
    0.0012842656234949873
  ],
  "38": [
    0.45408740785278057,
    -0.07780773798499581
  ],
  "39": [
    0.44456969110934247,
    -0.09226634221448968
  ],
  "40": [
    0.4824460236846675,
    -0.09551338766148496
  ],
  "41": [
    0.5083183481839184,
    -0.0778058006695261
  ],
  "42": [
    0.49879982858902444,
    -0.09226683090668024
  ],
  "43": [
    0.5249761370840952,
    -0.30798661175332853
  ],
  "44": [
    0.5276697560785757,
    -0.2725743699225542
  ],
  "45": [
    0.5177868291891577,
    -0.28703344539094605
  ],
  "46": [
    0.5202105853746948,
    -0.2516207148679811
  ],
  "47": [
    0.5270762743197275,
    -0.0745599769530072
  ],
  "48": [
    0.535902543973403,
    -0.09551363200758024
  ],
  "49": [
    0.5224709263823676,
    -0.0872514353148568
  ],
  "50": [
    0.5529101317622644,
    -0.3256905510071507
  ],
  "51": [
    0.5455294136082608,
    -0.3047398106524285
  ],
  "52": [
    0.05550881804957057,
    -0.662105661575616
  ],
  "53": [
    0.5498454732221025,
    -0.23391677561415888
  ],
  "54": [
    0.5528875821083288,
    -0.16308476958353402
  ],
  "55": [
    0.5644575093461394,
    0.06384074937255745
  ],
  "56": [
    0.5647062187645485,
    -0.04239647353860254
  ],
  "57": [
    0.5552081369751953,
    -0.05685554900699444
  ],
  "58": [
    0.5648923930358587,
    -0.00698374301563759
  ],
  "59": [
    0.5515123324709272,
    0.0012794310614669632
  ],
  "60": [
    0.5554110315007397,
    -0.021443795868410612
  ],
  "61": [
    0.5855609485571185,
    -0.2725743699225542
  ],
  "62": [
    0.5716991771186366,
    -0.26431070715325905
  ],
  "63": [
    0.5765914048251468,
    -0.15807349296874532
  ],
  "64": [
    0.592146512157206,
    0.08154857198396533
  ],
  "65": [
    0.582648430367853,
    0.06708658181572259
  ],
  "66": [
    0.5790347959647688,
    -0.0518382160997013
  ],
  "67": [
    0.5784821025505397,
    -0.0872514353148568
  ],
  "68": [
    0.5776799841329081,
    -0.12264282046106986
  ],
  "69": [
    0.5925749119487543,
    0.04613438411107497
  ],
  "70": [
    0.583286121316654,
    -0.0037379192991186957
  ],
  "71": [
    0.5793350624092819,
    -0.01642742289220607
  ],
  "72": [
    0.5976733066731563,
    -0.3174273769300462
  ],
  "73": [
    0.601702189811875,
    -0.3401501151677332
  ],
  "74": [
    0.603717390599459,
    -0.3047388419946937
  ],
  "75": [
    0.610347311742486,
    0.08479731040033506
  ],
  "76": [
    0.6106389213539092,
    -0.0922639162068294
  ],
  "77": [
    0.6071178679409971,
    -0.034131850838218826
  ],
  "78": [
    0.6110157030328297,
    -0.05685554900699444
  ],
  "79": [
    0.6111685589687194,
    -0.021444284560601167
  ],
  "80": [
    0.6261492260840699,
    -0.3351332709526306
  ],
  "81": [
    0.6279860454954537,
    -0.29972198905294484
  ],
  "82": [
    0.6319976149679927,
    -0.322446175913911
  ],
  "83": [
    0.6295895667457235,
    -0.26430974722217043
  ],
  "84": [
    0.6480872991966452,
    0.08154857198396533
  ],
  "85": [
    0.6385869572059107,
    0.06708730612736218
  ],
  "86": [
    0.656520869768622,
    -0.3174273856566925
  ],
  "87": [
    0.6619065893211336,
    -0.30474029934461905
  ],
  "88": [
    0.6840805960419936,
    -0.37054623709504453
  ],
  "89": [
    0.6864924665353245,
    -0.29972198905294484
  ],
  "90": [
    0.6995308788991782,
    -0.34339740496082377
  ],
  "91": [
    0.6853584737604262,
    -0.3351332622259844
  ],
  "92": [
    0.692288408275225,
    -0.25161975493689254
  ],
  "93": [
    0.7136009902904705,
    -0.3882523580104318
  ],
  "94": [
    0.7186087064335852,
    -0.37556333438288875
  ],
  "95": [
    0.7590066732588991,
    -0.30798563436894744
  ],
  "96": [
    0.7490145934780614,
    -0.32244568722172046
  ],
  "97": [
    0.7440862200027426,
    -0.3705460014755956
  ],
  "98": [
    0.7882203607979232,
    -0.2902787978685669
  ],
  "99": [
    0.7782829621825504,
    -0.3047388332680474
  ],
  "100": [
    0.8171303610471001,
    -0.2725724326070844
  ],
  "101": [
    0.8179537201217285,
    -0.34339740496082377
  ],
  "102": [
    0.8452127785248589,
    -0.21945527413810673
  ],
  "103": [
    0.8370961946516294,
    -0.34014962647554264
  ],
  "104": [
    0.08707527923345303,
    -0.9672381713097432
  ],
  "105": [
    0.863719883393864,
    -0.21620847303720672
  ],
  "106": [
    0.8651367678605717,
    -0.28703224111376213
  ],
  "107": [
    0.8660258298548913,
    -0.32244568722172046
  ],
  "108": [
    0.8771653938057451,
    -0.34339740496082377
  ],
  "109": [
    0.8629946990896603,
    -0.3351332709526306
  ],
  "110": [
    0.8682016794734752,
    -0.39326823356779944
  ],
  "111": [
    0.8946622497438182,
    -0.3047388332680474
  ],
  "112": [
    0.8959442638925781,
    -0.34014915523664463
  ],
  "113": [
    0.8933351362871869,
    -0.35284399953724305
  ],
  "114": [
    0.8974024864826194,
    -0.3755589710597587
  ],
  "115": [
    0.9093876624560645,
    -0.3965160120530806
  ],
  "116": [
    0.8949313969677684,
    -0.3882518780448875
  ],
  "117": [
    0.9363770674897619,
    -0.3433964275764427
  ],
  "118": [
    0.9384693507437601,
    -0.378808669407217
  ],
  "119": [
    0.9282078706662309,
    -0.39326872225999
  ],
  "120": [
    0.9547910241365878,
    -0.3401506038599238
  ],
  "121": [
    0.9570040318149466,
    -0.3755623569985076
  ],
  "122": [
    0.9553758490623462,
    -0.3882518780448875
  ],
  "123": [
    0.9594939534324267,
    -0.41097606490585364
  ],
  "124": [
    0.9581181976495422,
    -0.4236641198756619
  ],