{
  "0": [
    27.201658248901367,
    -49.923858642578125
  ],
  "1": [
    353.0680236816406,
    -50.93877410888672
  ],
  "2": [
    0.10779199749231339,
    -50.93794250488281
  ],
  "3": [
    355.8786926269531,
    -51.9532470703125
  ],
  "4": [
    357.2856140136719,
    -51.9525260925293
  ],
  "5": [
    2.375296115875244,
    -51.952552795410156
  ],
  "6": [
    2.3754169940948486,
    -51.95249938964844
  ],
  "7": [
    355.8355407714844,
    -48.90888595581055
  ],
  "8": [
    357.93035888671875,
    -49.924163818359375
  ],
  "9": [
    2.808958053588867,
    -49.923553466796875
  ],
  "10": [
    358.5065612792969,
    -47.894527435302734
  ],
  "11": [
    358.50653076171875,
    -47.89458084106445
  ],
  "12": [
    359.0230712890625,
    -45.86552429199219
  ],
  "13": [
    359.02691650390625,
    -45.86560821533203
  ],
  "14": [
    1.0732500553131104,
    -46.88066482543945
  ],
  "15": [
    1.073341965675354,
    -46.88008117675781
  ],
  "16": [
    0.6172500252723694,
    -48.90911102294922
  ],
  "17": [
    2.808958053588867,
    -49.92399978637695
  ],
  "18": [
    7.687592029571533,
    -49.92391586303711
  ],
  "19": [
    3.1963329315185547,
    -47.894386291503906
  ],
  "20": [
    7.687592029571533,
    -49.924163818359375
  ],
  "21": [
    5.089292049407959,
    -50.93808364868164
  ],
  "22": [
    5.088916778564453,
    -50.9382209777832
  ],
  "23": [
    5.398754119873047,
    -48.90885925292969
  ],
  "24": [
    5.398828983306885,
    -48.90911102294922
  ],
  "25": [
    5.67628288269043,
    -46.87994384765625
  ],
  "26": [
    5.676329135894775,
    -46.88008117675781
  ],
  "27": [
    10.180378913879395,
    -48.90985870361328
  ],
  "28": [
    7.464958190917969,
    -51.95291519165039
  ],
  "29": [
    9.946246147155762,
    -52.96774673461914
  ],
  "30": [
    9.949967384338379,
    -52.96697235107422
  ],
  "31": [
    9.806792259216309,
    -54.99599838256836
  ],
  "32": [
    15.263458251953125,
    -54.996803283691406
  ],
  "33": [
    12.527579307556152,
    -56.0109977722168
  ],
  "34": [
    12.52762508392334,
    -56.0103874206543
  ],
  "35": [
    18.409996032714844,
    -58.039886474609375
  ],
  "36": [
    15.535124778747559,
    -59.054443359375
  ],
  "37": [
    15.53521728515625,
    -59.05391311645508
  ],
  "38": [
    15.390466690063477,
    -57.025333404541016
  ],
  "39": [
    15.390542030334473,
    -57.0249137878418
  ],
  "40": [
    15.263504028320312,
    -54.99583053588867
  ],
  "41": [
    21.601621627807617,
    -59.05391311645508
  ],
  "42": [
    18.409875869750977,
    -58.03910827636719
  ],
  "43": [
    24.308717727661133,
    -58.039913177490234
  ],
  "44": [
    24.308671951293945,
    -58.03938674926758
  ],
  "45": [
    21.601621627807617,
    -59.05447006225586
  ],
  "46": [
    17.444503784179688,
    -49.92338562011719
  ],
  "47": [
    17.265958786010742,
    -47.894554138183594
  ],
  "48": [
    20.032333374023438,
    -50.93813705444336
  ],
  "49": [
    20.032217025756836,
    -50.9379997253418
  ],
  "50": [
    27.82408332824707,
    -51.952972412109375
  ],
  "51": [
    28.506208419799805,
    -53.981746673583984
  ],
  "52": [
    26.874120712280273,
    -57.025333404541016
  ],
  "53": [
    27.668249130249023,
    -59.05424880981445
  ],
  "54": [
    29.280582427978516,
    -59.0545539855957
  ],
  "55": [
    27.66799545288086,
    -59.05385971069336
  ],
  "56": [
    27.688079833984375,
    -56.01024627685547
  ],
  "57": [
    27.688217163085938,
    -56.0103874206543
  ],
  "58": [
    28.506092071533203,
    -53.981388092041016
  ],
  "59": [
    30.83795738220215,
    -54.99599838256836
  ],
  "60": [
    27.201496124267578,
    -49.92341613769531
  ],
  "61": [
    29.87537956237793,
    -49.923858642578125
  ],
  "62": [
    27.780466079711914,
    -48.908721923828125
  ],
  "63": [
    26.645671844482422,
    -47.894554138183594
  ],
  "64": [
    28.415342330932617,
    -46.87983322143555
  ],
  "65": [
    30.968042373657227,
    -45.86524963378906
  ],
  "66": [
    29.497920989990234,
    -42.822025299072266
  ],
  "67": [
    27.640216827392578,
    -42.82194137573242
  ],
  "68": [
    29.498083114624023,
    -42.82266616821289
  ],
  "69": [
    34.128448486328125,
    -40.79372024536133
  ],
  "70": [
    34.128543853759766,
    -40.79319381713867
  ],
  "71": [
    38.296573638916016,
    -40.79372024536133
  ],
  "72": [
    33.7960319519043,
    -42.82280349731445
  ],
  "73": [
    35.851783752441406,
    -57.02522277832031
  ],
  "74": [
    50.06737518310547,
    -56.010108947753906
  ],
  "75": [
    53.54669952392578,
    -59.05447006225586
  ],
  "76": [
    57.239505767822266,
    -41.808082580566406
  ],
  "77": [
    59.564456939697266,
    -41.808109283447266
  ],
  "78": [
    59.585205078125,
    -42.822750091552734
  ],
  "79": [
    59.585323333740234,
    -42.82219314575195
  ],
  "80": [
    59.13642120361328,
    -40.793025970458984
  ],
  "81": [
    61.9056282043457,
    -40.793609619140625
  ],
  "82": [
    59.136375427246094,
    -40.79283142089844
  ],
  "83": [
    70.24141693115234,
    -40.793636322021484
  ],
  "84": [
    62.912906646728516,
    -45.86605453491211
  ],
  "85": [
    62.9130744934082,
    -45.86555480957031
  ],
  "86": [
    62.39662551879883,
    -47.89461135864258
  ],
  "87": [
    64.50740814208984,
    -48.909637451171875
  ],
  "88": [
    63.99770736694336,
    -50.9379997253418
  ],
  "89": [
    66.6989517211914,
    -49.92316436767578
  ],
  "90": [
    70.82067108154297,
    -56.008609771728516
  ],
  "91": [
    70.82292175292969,
    -56.01094436645508
  ],
  "92": [
    70.8228759765625,
    -56.010414123535156
  ],
  "93": [
    76.41770935058594,
    -56.010833740234375
  ],
  "94": [
    76.4175033569336,
    -56.01036071777344
  ],
  "95": [
    73.35853576660156,
    -59.054054260253906
  ],
  "96": [
    73.35862731933594,
    -59.05388641357422
  ],
  "97": [
    73.35867309570312,
    -59.05388641357422
  ],
  "98": [
    73.5386962890625,
    -57.02469253540039
  ],
  "99": [
    73.53862762451172,
    -57.02488708496094
  ],
  "100": [
    76.40104675292969,
    -58.0400276184082
  ],
  "101": [
    76.40107727050781,
    -58.03936004638672
  ],
  "102": [
    76.40120697021484,
    -58.03938674926758
  ],
  "103": [
    76.41761779785156,
    -56.01019287109375
  ],
  "104": [
    73.69667053222656,
    -54.99552536010742
  ],
  "105": [
    73.69678497314453,
    -54.995914459228516
  ],
  "106": [
    65.74095153808594,
    -42.821998596191406
  ],
  "107": [
    66.07350158691406,
    -40.79308319091797
  ],
  "108": [
    66.07362365722656,
    -40.79319381713867
  ],
  "109": [
    68.02750396728516,
    -41.80816650390625
  ],
  "110": [
    72.25870513916016,
    -41.80830383300781
  ],
  "111": [
    72.25879669189453,
    -41.80769348144531
  ],
  "112": [
    70.03912353515625,
    -42.82286071777344
  ],
  "113": [
    70.03937530517578,
    -42.822166442871094
  ],
  "114": [
    70.03924560546875,
    -42.8223876953125
  ],
  "115": [
    70.241455078125,
    -40.79310989379883
  ],
  "116": [
    70.24153137207031,
    -40.79316329956055
  ],
  "117": [
    74.40949249267578,
    -40.79369354248047
  ],
  "118": [
    74.40953826904297,
    -40.79316329956055
  ],
  "119": [
    74.40949249267578,
    -40.79319381713867
  ],
  "120": [
    74.25782775878906,
    -44.85160827636719
  ],
  "121": [
    71.776123046875,
    -47.89458084106445
  ],
  "122": [
    71.776123046875,
    -47.894554138183594
  ],
  "123": [
    71.77619934082031,
    -47.89458084106445
  ],
  "124": [
    74.07037353515625,
    -48.90924835205078
  ],
  "125": [
    74.07037353515625,
    -48.909080505371094
  ],
  "126": [
    74.07028198242188,
    -48.909080505371094
  ],
  "127": [
    74.1691665649414,
    -46.88055419921875
  ],
  "128": [
    74.16920471191406,
    -46.88011169433594
  ],