{"0": [139.55, -30.639203673205103], "1": [143.32, -31.1892036732051], "2": [146.95, -31.849203673205103], "3": [150.45, -32.6392036732051], "4": [150.59, -34.1892036732051], "5": [150.76, -35.7792036732051], "6": [148.12, -32.6792036732051], "7": [148.37, -34.269203673205105], "8": [145.61, -32.9792036732051], "9": [145.86, -30.919203673205104], "10": [142.97, -31.489203673205107], "11": [143.14, -29.409203673205102], "12": [140.17, -30.0192036732051], "13": [137.89, -32.5392036732051], "14": [141.33, -33.1792036732051], "15": [144.52, -32.0392036732051], "16": [147.83, -32.9092036732051], "17": [151.02, -33.8492036732051], "18": [151.06, -35.5092036732051], "19": [148.58, -34.059203673205104], "20": [146.01, -32.6192036732051], "21": [143.19, -29.359203673205098], "22": [140.56, -31.779203673205103], "23": [123.34999999999998, -22.4692036732051], "24": [138.32, -31.999203673205102], "25": [144.55, -31.999203673205102], "26": [147.75, -32.9592036732051], "27": [150.72, -34.0692036732051], "28": [150.72, -35.7892036732051], "29": [148.4, -34.2092036732051], "30": [145.94, -32.669203673205104], "31": [143.3, -31.1692036732051], "32": [141.73, -32.7092036732051], "33": [144.78, -33.7492036732051], "34": [147.85, -32.8692036732051], "35": [158.29, -21.369203673205106], "36": [158.91, -21.239203673205104], "37": [140.27, -29.889203673205106], "38": [143.72, -28.9292036732051], "39": [140.95, -31.3392036732051], "40": [147.32, -29.83920367320511], "41": [144.36, -32.1492036732051], "42": [166.62, -22.0792036732051], "43": [153.58, -32.1392036732051], "44": [153.14, -33.919203673205104], "45": [169.35, -21.739203673205104], "46": [162.79, -22.709203673205103], "47": [168.02, -22.959203673205103], "48": [168.61, -22.879203673205105], "49": [164.82, -22.349203673205103], "50": [168.37, -20.7892036732051], "51": [169.01, -20.7192036732051], "52": [175.84, -23.299203673205106], "53": [176.47, -23.279203673205103], "54": [178.03, -25.2592036732051], "55": [178.57, -25.249203673205102], "56": [176.22, -26.339203673205105], "57": [176.7, -26.319203673205102], "58": [174.5, -27.4692036732051], "59": [174.96, -27.439203673205107], "60": [177.91, -24.239203673205104], "61": [178.47, -24.229203673205106], "62": [175.97, -25.3292036732051], "63": [171.75, -22.5392036732051], "64": [173.36, -24.4692036732051], "65": [173.16, -22.4292036732051], "66": [169.63, -21.699203673205105], "67": [179.16, -25.229203673205106], "68": [173.61, -27.5392036732051], "69": [174.07, -27.499203673205102], "70": [177.75, -26.269203673205105], "71": [178.36, -26.2592036732051], "72": [182.43, -23.229203673205106], "73": [182.99, -23.249203673205102], "74": [176.41, -23.269203673205105], "75": [177.01, -23.239203673205104], "76": [177.85, -25.249203673205102], "77": [174.68, -22.3292036732051], "78": [175.32, -22.2892036732051], "79": [169.96, -22.709203673205103], "80": [170.53, -22.6492036732051], "81": [183.32, -21.2192036732051], "82": [188.61, -20.499203673205102], "83": [163.0, -21.5392036732051], "84": [161.69, -22.909203673205106], "85": [171.23, -25.699203673205105], "86": [168.17, -26.119203673205106], "87": [170.81, -27.849203673205103], "88": [171.55, -24.619203673205106], "89": [167.64, -24.049203673205106], "90": [358.85, -29.469203673205097], "91": [4.05, -29.529203673205103], "92": [6.02, -30.619203673205096], "93": [359.06, -30.4792036732051], "94": [358.01, -28.459203673205103], "95": [3.16, -28.489203673205104], "96": [5.19, -29.569203673205106], "97": [7.07, -30.6792036732051], "98": [350.23, -27.779203673205103], "99": [203.19, -22.9292036732051], "100": [197.1, -21.569203673205102], "101": [174.72, -19.239203673205104], "102": [349.98, -27.799203673205106], "103": [201.01, -22.369203673205106], "104": [206.32, -22.599203673205103], "105": [176.94, -20.1792036732051], "106": [182.73, -22.199203673205105], "107": [183.73, -24.279203673205103], "108": [203.19, -24.139203673205103], "109": [197.42, -22.739203673205104], "110": [198.0, -22.849203673205103], "111": [193.94, -23.2192036732051], "112": [208.24, -30.2392036732051], "113": [204.22, -28.299203673205106], "114": [204.58, -28.449203673205105], "115": [205.93, -30.439203673205103], "116": [137.57, -34.1492036732051], "117": [141.04, -34.5492036732051], "118": [147.73, -35.669203673205104], "119": [144.72, -34.7192036732051], "120": [142.57, -37.4792036732051], "121": [148.44, -36.9092036732051], "122": [148.78, -34.6792036732051], "123": [146.3, -37.239203673205104], "124": [146.18, -33.2792036732051], "125": [143.74, -35.8592036732051], "126": [143.46, -31.8792036732051], "127": [141.08, -34.4792036732051], "128": [140.61, -30.489203673205104], "129": [138.29, -33.1092036732051], "130": [141.46, -31.759203673205104], "131": [145.02, -32.4092036732051], "132": [148.44, -33.1592036732051], "133": [151.75, -33.9992036732051], "134": [151.77, -35.6492036732051], "135": [149.15, -38.1492036732051], "136": [149.36, -35.9692036732051], "137": [146.85, -36.5792036732051], "138": [140.58, -28.459203673205103], "139": [137.96, -31.019203673205105], "140": [144.98, -32.4292036732051], "141": [148.22, -33.3292036732051], "142": [145.6, -35.8492036732051], "143": [148.52, -36.809203673205104], "144": [148.74, -38.6092036732051], "145": [146.34, -37.1592036732051], "146": [146.6, -32.879203673205105], "147": [143.9, -31.459203673205103], "148": [141.05, -30.049203673205106], "149": [138.63, -32.6392036732051], "150": [141.74, -31.459203673205103], "151": [145.02, -32.379203673205105], "152": [142.56, -34.9692036732051], "153": [139.45, -29.449203673205105], "154": [140.4, -32.8992036732051], "155": [143.54, -31.779203673205103], "156": [146.63, -32.8392036732051], "157": [146.88, -36.519203673205105], "158": [149.72, -35.6192036732051], "159": [147.49, -33.9392036732051], "160": [146.85, -36.5492036732051], "161": [150.25, -36.9692036732051], "162": [147.6, -37.809203673205104], "163": [144.23, -35.2192036732051], "164": [140.74, -30.319203673205102], "165": [44.63, -36.9392036732051], "166": [42.1, -38.2792036732051], "167": [45.38, -39.879203673205105], "168": [43.78, -37.809203673205104], "169": [45.87, -38.8492036732051], "170": [49.0, -40.5492036732051], "171": [45.61, -39.9992036732051], "172": [48.68, -41.7092036732051], "173": [49.39, -38.0992036732051], "174": [52.44, -39.8992036732051], "175": [53.15, -40.3492036732051], "176": [52.8, -42.919203673205104], "177": [54.94, -42.9692036732051], "178": [57.06, -43.0392036732051], "179": [152.44, -22.229203673205106], "180": [151.93, -23.7192036732051], "181": [155.99, -24.909203673205106], "182": [161.3, -24.619203673205106], "183": [155.84, -26.2192036732051], "184": [159.35, -27.519203673205105], "185": [158.51, -29.0392036732051], "186": [161.53, -30.4292036732051], "187": [157.12, -32.2192036732051], "188": [158.56, -30.279203673205107], "189": [157.57, -26.879203673205105], "190": [155.09, -25.199203673205105], "191": [153.72, -21.8292036732051], "192": [152.94, -23.3592036732051], "193": [148.06, -25.339203673205105], "194": [151.78, -26.489203673205104], "195": [156.42, -26.0092036732051], "196": [159.59, -27.439203673205107], "197": [158.58, -29.009203673205104], "198": [154.22, -30.919203673205104], "199": [157.03, -27.059203673205104], "200": [156.34, -23.549203673205106], "201": [153.85, -21.7892036732051], "202": [148.49, -23.6792036732051], "203": [152.17, -24.959203673205103], "204": [155.45, -26.349203673205103], "205": [158.46, -27.809203673205104], "206": [161.09, -29.369203673205106], "207": [159.96, -30.989203673205107], "208": [155.79, -32.9092036732051], "209": [157.32, -30.7892036732051], "210": [154.35, -30.849203673205103], "211": [157.52, -26.889203673205103], "212": [155.62, -25.019203673205105], "213": [153.52, -23.159203673205106], "214": [151.18, -21.309203673205104], "215": [153.75, -19.309203673205104], "216": [147.76, -21.139203673205103], "217": [151.47, -22.5392036732051], "218": [154.75, -24.029203673205103],